<?xml version="1.0" encoding="UTF-8"?>
<mule xmlns:doc="http://www.mulesoft.org/schema/mule/documentation" xmlns="http://www.mulesoft.org/schema/mule/core" xmlns:apikit="http://www.mulesoft.org/schema/mule/apikit" xmlns:http="http://www.mulesoft.org/schema/mule/http" xmlns:spring="http://www.springframework.org/schema/beans" xmlns:xsi="http://www.w3.org/2001/XMLSchema-instance" xsi:schemaLocation="http://www.mulesoft.org/schema/mule/core http://www.mulesoft.org/schema/mule/core/current/mule.xsd
http://www.mulesoft.org/schema/mule/http http://www.mulesoft.org/schema/mule/http/current/mule-http.xsd
http://www.mulesoft.org/schema/mule/apikit http://www.mulesoft.org/schema/mule/apikit/current/mule-apikit.xsd
http://www.springframework.org/schema/beans http://www.springframework.org/schema/beans/spring-beans-3.1.xsd">
    <http:listener-config name="loyalityAPI-httpListenerConfig" host="0.0.0.0" port="8087" doc:name="HTTP Listener Configuration"/>
    <apikit:config name="loyalityAPI-config" raml="loyalityAPI.raml" consoleEnabled="false" doc:name="Router"/>
    <flow name="loyalityAPI-main">
        <http:listener config-ref="loyalityAPI-httpListenerConfig" path="/api/*" doc:name="HTTP"/>
        <apikit:router config-ref="loyalityAPI-config" doc:name="APIkit Router"/>
        <exception-strategy ref="loyalityAPI-apiKitGlobalExceptionMapping" doc:name="Reference Exception Strategy"/>
    </flow>
    <flow name="loyalityAPI-console">
        <http:listener config-ref="loyalityAPI-httpListenerConfig" path="/console/*" doc:name="HTTP"/>
        <apikit:console config-ref="loyalityAPI-config" doc:name="APIkit Console"/>
    </flow>
    <flow name="get:/members:loyalityAPI-config">
        <set-payload value="{&#xA;&quot;rewardsSummary&quot; : [&#xA;{&#xA;&quot;date&quot; : &quot;05/22/2018&quot;,&#xA;&quot;treatment&quot; : &quot;Evaluation by Specialist&quot;,&#xA;&quot;providerName&quot; : &quot;Smith, Thomas, MD&quot;,&#xA;&quot;providerAddress&quot; : &quot;12 S Michigan Ave, Chicago, IL 60603&quot;,&#xA;&quot;points&quot; : &quot;90&quot;&#xA;},&#xA;{&#xA;&quot;date&quot; : &quot;08/12/2017&quot;,&#xA;&quot;treatment&quot; : &quot;General Checkup&quot;,&#xA;&quot;providerName&quot; : &quot;University of Chicago Medicine&quot;,&#xA;&quot;providerAddress&quot; : &quot;5841 S Maryland Ave, Chicago, IL 60637&quot;,&#xA;&quot;points&quot; : &quot;135&quot;&#xA;},&#xA;{&#xA;&quot;date&quot; : &quot;01/17/2017&quot;,&#xA;&quot;treatment&quot; : &quot;Insertion of Heart Defibrillator&quot;,&#xA;&quot;providerName&quot; : &quot;Smith, Thomas, MD&quot;,&#xA;&quot;providerAddress&quot; : &quot;12 S Michigan Ave, Chicago, IL 60603&quot;,&#xA;&quot;points&quot; : &quot;200&quot;&#xA;}&#xA;]&#xA;}" doc:name="Set Payload"/>
    </flow>
    <flow name="get:/members/{member_id}:loyalityAPI-config">
        <set-payload value="{&#xA;&quot;rewardsSummary&quot; : [&#xA;{&#xA;&quot;date&quot; : &quot;05/22/2018&quot;,&#xA;&quot;treatment&quot; : &quot;Evaluation by Specialist&quot;,&#xA;&quot;providerName&quot; : &quot;Smith, Thomas, MD&quot;,&#xA;&quot;providerAddress&quot; : &quot;12 S Michigan Ave, Chicago, IL 60603&quot;,&#xA;&quot;points&quot; : &quot;90&quot;&#xA;},&#xA;{&#xA;&quot;date&quot; : &quot;08/12/2017&quot;,&#xA;&quot;treatment&quot; : &quot;General Checkup&quot;,&#xA;&quot;providerName&quot; : &quot;University of Chicago Medicine&quot;,&#xA;&quot;providerAddress&quot; : &quot;5841 S Maryland Ave, Chicago, IL 60637&quot;,&#xA;&quot;points&quot; : &quot;135&quot;&#xA;},&#xA;{&#xA;&quot;date&quot; : &quot;01/17/2017&quot;,&#xA;&quot;treatment&quot; : &quot;Insertion of Heart Defibrillator&quot;,&#xA;&quot;providerName&quot; : &quot;Smith, Thomas, MD&quot;,&#xA;&quot;providerAddress&quot; : &quot;12 S Michigan Ave, Chicago, IL 60603&quot;,&#xA;&quot;points&quot; : &quot;200&quot;&#xA;}&#xA;]&#xA;}" doc:name="Set Payload"/>
    </flow>
    <flow name="post:/members/rewards:application/json:loyalityAPI-config">
        <set-payload value="{&#xA;&quot;rewardsSummary&quot; : [&#xA;{&#xA;&quot;date&quot; : &quot;05/22/2018&quot;,&#xA;&quot;treatment&quot; : &quot;Evaluation by Specialist&quot;,&#xA;&quot;providerName&quot; : &quot;Smith, Thomas, MD&quot;,&#xA;&quot;providerAddress&quot; : &quot;12 S Michigan Ave, Chicago, IL 60603&quot;,&#xA;&quot;points&quot; : &quot;90&quot;&#xA;},&#xA;{&#xA;&quot;date&quot; : &quot;08/12/2017&quot;,&#xA;&quot;treatment&quot; : &quot;General Checkup&quot;,&#xA;&quot;providerName&quot; : &quot;University of Chicago Medicine&quot;,&#xA;&quot;providerAddress&quot; : &quot;5841 S Maryland Ave, Chicago, IL 60637&quot;,&#xA;&quot;points&quot; : &quot;135&quot;&#xA;},&#xA;{&#xA;&quot;date&quot; : &quot;01/17/2017&quot;,&#xA;&quot;treatment&quot; : &quot;Insertion of Heart Defibrillator&quot;,&#xA;&quot;providerName&quot; : &quot;Smith, Thomas, MD&quot;,&#xA;&quot;providerAddress&quot; : &quot;12 S Michigan Ave, Chicago, IL 60603&quot;,&#xA;&quot;points&quot; : &quot;200&quot;&#xA;}&#xA;]&#xA;}" doc:name="Set Payload"/>
    </flow>
    <apikit:mapping-exception-strategy name="loyalityAPI-apiKitGlobalExceptionMapping">
        <apikit:mapping statusCode="404">
            <apikit:exception value="org.mule.module.apikit.exception.NotFoundException" />
            <set-property propertyName="Content-Type" value="application/json" doc:name="Property"/>
            <set-payload value="{ &quot;message&quot;: &quot;Resource not found&quot; }" doc:name="Set Payload"/>
        </apikit:mapping>
        <apikit:mapping statusCode="405">
            <apikit:exception value="org.mule.module.apikit.exception.MethodNotAllowedException" />
            <set-property propertyName="Content-Type" value="application/json" doc:name="Property"/>
            <set-payload value="{ &quot;message&quot;: &quot;Method not allowed&quot; }" doc:name="Set Payload"/>
        </apikit:mapping>
        <apikit:mapping statusCode="415">
            <apikit:exception value="org.mule.module.apikit.exception.UnsupportedMediaTypeException" />
            <set-property propertyName="Content-Type" value="application/json" doc:name="Property"/>
            <set-payload value="{ &quot;message&quot;: &quot;Unsupported media type&quot; }" doc:name="Set Payload"/>
        </apikit:mapping>
        <apikit:mapping statusCode="406">
            <apikit:exception value="org.mule.module.apikit.exception.NotAcceptableException" />
            <set-property propertyName="Content-Type" value="application/json" doc:name="Property"/>
            <set-payload value="{ &quot;message&quot;: &quot;Not acceptable&quot; }" doc:name="Set Payload"/>
        </apikit:mapping>
        <apikit:mapping statusCode="400">
            <apikit:exception value="org.mule.module.apikit.exception.BadRequestException" />
            <set-property propertyName="Content-Type" value="application/json" doc:name="Property"/>
            <set-payload value="{ &quot;message&quot;: &quot;Bad request&quot; }" doc:name="Set Payload"/>
        </apikit:mapping>
    </apikit:mapping-exception-strategy>
</mule>
